Time(sec),Force(g),Displacement(mm),Waist_Angle(deg),L_Thigh_Angle(deg),R_Thigh_Angle(deg),Target_Force(g)
0.014,0.000,0.000,-0.61,0.09,-0.05,0.00
0.034,0.000,0.000,-0.61,0.09,-0.03,0.00
0.073,0.000,0.000,-0.60,0.10,-0.05,0.00
0.151,0.000,0.000,-0.60,0.12,-0.05,0.00
0.200,0.000,0.000,-0.60,0.12,-0.05,0.00
0.237,0.000,0.000,-0.62,0.12,-0.03,0.00
0.269,0.000,0.000,-0.62,0.14,-0.05,0.00
0.302,0.000,0.000,-0.61,0.14,-0.03,0.00
0.336,0.000,0.000,-0.61,0.15,-0.02,0.00
0.396,0.000,0.000,-0.64,0.14,-0.05,0.00
0.421,0.000,0.000,-0.70,0.12,-0.07,0.00
0.459,0.000,0.000,-0.83,0.13,-0.06,0.00
0.486,0.000,0.000,-0.90,0.13,-0.03,0.00
0.549,0.000,0.000,-1.00,0.13,0.07,0.00
0.583,0.000,0.000,-1.12,0.12,0.22,0.00
0.642,0.000,0.000,-1.26,0.15,0.29,0.00
0.679,0.000,0.000,-1.35,0.20,0.23,0.00
0.730,0.000,0.000,-1.52,0.32,0.09,0.00
0.740,0.000,0.000,-1.54,0.36,0.05,0.00
0.794,0.000,0.000,-1.61,0.50,-0.09,0.00
0.820,0.000,0.000,-1.64,0.72,-0.31,0.00
0.855,0.000,0.000,-1.63,0.92,-0.49,0.00
0.899,0.000,0.000,-1.54,1.15,-0.83,0.00
0.924,0.000,0.000,-1.51,1.23,-0.97,0.00
0.981,0.000,0.000,-1.46,1.40,-1.37,0.00
0.999,0.000,0.000,-1.45,1.54,-1.68,0.00
1.033,0.000,0.000,-1.53,1.77,-2.40,0.00
1.089,0.000,0.000,-1.66,1.90,-2.72,0.00
1.108,0.000,0.000,-1.83,2.16,-3.77,0.00
1.157,0.000,0.000,-1.98,2.25,-4.49,0.00
1.174,0.000,0.000,-2.00,2.26,-4.65,0.00
1.221,0.000,0.000,-2.07,2.33,-4.93,0.00
1.253,0.000,0.000,-2.03,2.34,-4.81,0.00
1.296,0.000,0.000,-1.86,2.24,-4.52,0.00
1.348,0.000,0.000,-1.80,2.13,-4.35,0.00
1.379,0.000,0.000,-1.78,2.01,-4.15,0.00
1.416,0.000,0.000,-2.13,1.92,-3.57,0.00
1.445,0.000,0.000,-2.09,1.91,-3.56,0.00
1.495,0.000,0.000,-2.11,1.75,-3.45,0.00
1.510,0.000,0.000,-2.18,1.55,-2.96,0.00
1.550,0.000,0.000,-2.36,1.34,-2.29,0.00
1.590,0.000,0.000,-2.38,1.18,-1.81,0.00
1.639,0.000,0.000,-2.38,1.06,-1.25,0.00
1.659,0.000,0.000,-2.41,0.74,-0.49,0.00
1.694,0.000,0.000,-2.36,0.35,-0.14,0.00
1.736,0.000,0.000,-2.30,-0.14,-0.07,0.00
1.774,0.000,0.000,-2.20,-1.09,0.46,0.00
1.836,0.000,0.000,-1.70,-1.93,0.71,0.00
1.857,0.000,0.000,-1.19,-3.69,0.91,0.00
1.897,0.000,0.000,-0.81,-5.19,1.24,0.00
1.928,0.000,0.000,-0.56,-6.75,1.69,0.00
1.959,0.000,0.000,-0.31,-9.01,2.03,0.00
1.979,0.000,0.000,-0.31,-9.62,2.21,0.00
2.014,0.000,0.000,-0.33,-10.68,2.12,0.00
2.054,0.000,0.000,-0.39,-11.58,1.86,0.00
2.092,0.000,0.000,-0.57,-13.97,1.24,0.00
2.145,0.000,0.000,-0.72,-15.44,0.85,0.00
2.172,0.000,0.000,-0.92,-16.30,0.46,0.00
2.208,0.000,0.000,-1.21,-15.94,-0.01,0.00
2.266,0.000,0.000,-1.42,-14.85,-0.23,0.00
2.282,0.000,0.000,-1.67,-13.32,-0.36,0.00
2.321,0.000,0.000,-2.08,-10.25,-0.69,0.00
2.358,0.000,0.000,-2.28,-7.43,-1.26,0.00
2.393,0.000,0.000,-2.41,-2.89,-1.73,0.00
2.432,0.000,0.000,-2.32,-1.73,-1.99,0.00
2.458,0.000,0.000,-1.90,0.19,-2.85,0.00
2.501,0.000,0.000,-1.10,2.29,-4.65,0.00
2.537,0.000,0.000,-0.48,3.46,-6.41,0.00
2.572,0.000,0.000,-0.20,4.24,-9.36,0.00
2.636,0.000,0.000,0.05,4.96,-11.33,0.00
2.647,0.000,0.000,0.46,5.70,-14.25,0.00
2.679,0.000,0.000,0.54,5.87,-15.28,0.00
2.716,0.000,0.000,0.62,6.27,-17.21,0.00
2.732,0.000,0.000,0.67,6.54,-18.67,0.00
2.783,0.000,0.000,0.85,6.62,-19.70,0.00
2.806,0.000,0.000,0.96,6.57,-20.19,0.00
2.837,0.000,0.000,0.99,6.43,-19.89,0.00
2.870,0.000,0.000,0.93,6.27,-19.06,0.00
2.904,0.000,0.000,0.71,6.14,-18.01,0.00
2.936,0.000,0.000,0.23,6.19,-16.34,0.00
2.971,0.000,0.000,0.12,6.16,-15.78,0.00
3.004,0.000,0.000,-0.26,6.10,-13.76,0.00
3.042,0.000,0.000,-0.51,6.10,-12.54,0.00
3.074,0.000,0.000,-0.62,5.98,-11.66,0.00
3.110,0.000,0.000,-0.60,5.77,-11.20,0.00
3.136,0.000,0.000,-0.73,5.65,-10.64,0.00
3.197,0.000,0.000,-0.79,5.61,-10.03,0.00
3.210,0.000,0.000,-0.57,5.50,-9.22,0.00
3.247,0.000,0.000,-0.55,5.41,-8.13,0.00
3.295,0.000,0.000,-0.50,5.33,-7.68,0.00
3.317,0.000,0.000,-0.31,5.16,-7.05,0.00
3.356,0.000,0.000,-0.17,4.90,-7.45,0.00
3.388,0.000,0.000,-0.29,4.77,-7.60,0.00
3.424,0.000,0.000,-0.47,4.60,-7.06,0.00
3.458,0.000,0.000,-0.66,4.39,-6.50,0.00
3.498,0.000,0.000,-0.65,4.01,-6.06,0.00
3.521,0.000,0.000,-0.45,3.49,-5.71,0.00
3.566,0.000,0.000,-0.14,2.72,-5.60,0.00
3.598,0.000,0.000,0.21,1.57,-5.38,0.00
3.633,0.000,0.000,0.43,-1.17,-5.38,0.00
3.669,0.000,0.000,0.59,-3.59,-5.37,0.00
3.711,0.000,0.000,0.90,-6.82,-5.49,0.00
3.750,0.000,0.000,1.05,-8.41,-5.34,0.00
3.793,0.000,0.000,1.14,-9.52,-4.99,0.00
3.818,0.000,0.000,1.13,-9.60,-4.53,0.00
3.853,0.000,0.000,1.16,-9.52,-4.38,0.00
3.887,0.000,0.000,1.20,-9.09,-4.12,0.00
3.922,0.000,0.000,1.30,-8.68,-3.89,0.00
3.963,0.000,0.000,1.66,-7.80,-3.98,0.00
3.986,0.000,0.000,1.87,-7.02,-4.21,0.00
4.020,0.000,0.000,2.52,-6.20,-4.75,0.00
4.081,0.000,0.000,4.04,-5.76,-5.99,0.00
4.103,0.000,0.000,5.30,-6.08,-6.98,0.00
4.142,0.000,0.000,7.55,-6.98,-8.51,0.00
4.177,0.000,0.000,9.37,-7.93,-9.77,0.00
4.224,0.000,0.000,11.32,-9.17,-11.10,2.09
4.260,0.000,0.000,13.58,-10.47,-12.30,4.88
4.289,0.000,0.000,17.13,-12.12,-14.65,7.97
4.335,0.000,0.000,19.54,-12.87,-15.65,11.07
4.359,0.000,0.000,22.02,-13.23,-16.42,14.05
4.414,0.000,0.000,25.77,-14.13,-18.28,16.93
4.445,0.000,0.000,28.18,-14.93,-19.08,19.52
4.475,0.000,0.000,31.81,-16.06,-19.64,21.97
4.504,0.000,0.000,33.01,-16.46,-19.98,24.20
4.548,0.000,0.000,36.49,-17.49,-21.19,26.26
4.569,0.000,0.000,38.60,-18.33,-21.85,28.12
4.614,0.000,0.000,40.56,-19.33,-22.59,29.84
4.682,0.000,0.000,42.44,-20.36,-23.27,31.46
4.764,0.000,0.000,47.91,-24.17,-25.58,32.87
4.792,0.000,0.000,50.49,-26.13,-27.03,34.09
4.842,0.000,0.000,52.06,-27.17,-28.02,34.96
4.855,0.000,0.000,53.62,-28.12,-29.00,35.63
4.898,0.000,0.000,56.01,-28.91,-29.91,36.38
4.930,0.000,0.000,56.83,-29.15,-30.11,37.07
4.973,0.000,0.000,59.89,-30.18,-30.67,37.29
5.010,0.000,0.000,61.32,-30.73,-31.28,37.33
5.049,0.000,0.000,62.73,-31.19,-31.77,37.55
5.096,0.000,0.000,64.69,-32.02,-32.67,38.06
5.117,0.000,0.000,65.94,-32.55,-33.25,38.55
5.168,0.000,0.000,67.12,-33.05,-33.71,39.03
5.188,0.000,0.000,68.13,-33.47,-34.22,39.53
5.222,0.000,0.000,69.56,-33.93,-34.74,39.95
5.275,0.000,0.000,70.00,-34.34,-35.06,40.41
5.291,0.000,0.000,71.08,-34.73,-35.15,40.90
5.333,0.000,0.000,71.68,-34.84,-35.14,41.60
5.375,0.000,0.000,71.98,-34.96,-35.20,42.53
5.408,0.000,0.000,71.95,-34.96,-35.20,43.74
5.441,0.000,0.000,71.19,-34.83,-34.83,45.58
5.477,0.000,0.000,70.17,-34.54,-34.41,47.99
5.517,0.000,0.000,68.78,-34.05,-33.92,50.77
5.553,0.000,0.000,66.21,-33.10,-32.88,54.48
5.598,0.000,0.000,64.09,-32.31,-31.98,58.65
5.628,0.000,0.000,61.66,-31.33,-30.94,63.33
5.663,0.000,0.000,57.49,-29.63,-29.38,68.53
5.693,0.000,0.000,54.31,-29.00,-28.90,73.32
5.733,0.000,0.000,50.99,-27.14,-27.42,77.28
5.777,0.000,0.000,45.83,-25.36,-25.85,81.14
5.820,0.000,0.000,40.67,-24.11,-24.77,83.74
5.858,0.000,0.000,37.38,-22.11,-23.16,84.78
5.890,0.000,0.000,34.12,-20.66,-22.09,84.19
5.933,0.000,0.000,29.48,-18.38,-20.20,81.93
6.006,0.000,0.000,26.62,-16.66,-18.99,78.61
6.025,0.000,0.000,22.41,-14.23,-16.75,73.90
6.052,0.000,0.000,19.86,-12.60,-15.30,68.36
6.109,0.000,0.000,16.35,-10.20,-13.21,61.58
6.138,0.000,0.000,13.00,-7.98,-11.29,54.35
6.192,0.000,0.000,10.83,-6.65,-10.00,47.18
6.212,0.000,0.000,8.86,-5.50,-8.70,37.05
6.248,0.000,0.000,6.13,-4.22,-7.25,27.48
6.280,0.000,0.000,5.29,-3.87,-6.81,19.63
6.318,0.000,0.000,3.08,-2.88,-5.73,13.67
6.362,0.000,0.000,1.30,-1.60,-4.50,9.34
6.404,0.000,0.000,0.37,-0.75,-3.77,6.28
6.443,0.000,0.000,-0.40,0.22,-3.20,4.18
6.491,0.000,0.000,-0.60,0.39,-2.78,2.75
6.519,0.000,0.000,-0.42,0.18,-2.67,1.80
6.568,0.000,0.000,-0.12,-0.08,-2.68,1.17
6.608,0.000,0.000,0.54,-0.89,-3.12,0.75
6.653,0.000,0.000,1.55,-1.88,-4.04,0.48
6.691,0.000,0.000,2.93,-2.62,-4.89,0.31
6.728,0.000,0.000,5.48,-4.03,-6.59,0.20
6.770,0.000,0.000,6.54,-4.53,-7.23,0.12
6.809,0.000,0.000,8.82,-5.55,-8.66,0.08
6.841,0.000,0.000,14.78,-8.19,-12.13,2.45
6.876,0.000,0.000,17.98,-9.53,-14.22,5.79
6.935,0.000,0.000,20.85,-10.70,-16.21,9.33
6.958,0.000,0.000,25.08,-13.39,-18.84,12.94
6.995,0.000,0.000,27.82,-14.94,-20.24,16.40
7.040,0.000,0.000,30.64,-16.87,-21.12,19.52
7.091,0.000,0.000,33.52,-18.61,-22.33,22.20
7.128,0.000,0.000,38.96,-21.82,-24.75,24.80
7.147,0.000,0.000,40.18,-22.52,-25.44,27.04
7.187,0.000,0.000,43.53,-24.42,-27.41,29.17
7.227,0.000,0.000,46.57,-26.11,-29.37,30.96
7.267,0.000,0.000,48.52,-27.07,-30.64,32.35
7.309,0.000,0.000,51.28,-28.73,-32.24,33.65
7.349,0.000,0.000,53.10,-29.76,-33.04,34.72
7.391,0.000,0.000,55.78,-30.93,-33.92,35.50
7.428,0.000,0.000,57.53,-31.72,-34.53,36.11
7.474,0.000,0.000,60.12,-32.90,-35.37,36.63
7.503,0.000,0.000,60.94,-33.20,-35.67,37.07
7.539,0.000,0.000,63.17,-33.95,-36.55,37.61
7.576,0.000,0.000,64.45,-34.58,-36.91,38.00
7.611,0.000,0.000,66.10,-35.56,-37.51,38.33
7.654,0.000,0.000,66.99,-36.00,-37.91,38.94
7.678,0.000,0.000,67.36,-36.19,-38.10,39.72
7.720,0.000,0.000,68.11,-36.63,-38.76,40.84
7.758,0.000,0.000,68.18,-36.80,-39.07,42.39
7.811,0.000,0.000,67.86,-36.73,-38.95,44.24
7.861,0.000,0.000,66.64,-36.28,-38.51,46.63
7.890,0.000,0.000,64.56,-35.55,-37.66,50.21
7.932,0.000,0.000,62.75,-34.88,-36.83,54.37
7.978,0.000,0.000,61.73,-34.50,-36.32,58.13
8.010,0.000,0.000,55.51,-31.76,-33.33,64.00
8.050,0.000,0.000,52.63,-30.46,-31.89,69.56
8.116,0.000,0.000,48.06,-28.40,-29.73,74.36
8.141,0.000,0.000,43.29,-26.35,-27.56,78.49
8.178,0.000,0.000,40.09,-24.78,-26.16,80.89
8.218,0.000,0.000,36.90,-23.23,-24.90,81.51
8.258,0.000,0.000,32.13,-20.93,-22.95,80.93
8.298,0.000,0.000,27.43,-18.50,-20.79,78.54
8.330,0.000,0.000,25.87,-17.70,-20.03,75.32
8.378,0.000,0.000,21.35,-15.40,-17.94,70.81
8.408,0.000,0.000,18.51,-13.99,-16.58,65.49
8.469,0.000,0.000,14.77,-11.96,-14.73,59.53
8.481,0.000,0.000,12.45,-10.76,-13.47,53.00
8.515,0.000,0.000,10.32,-9.59,-12.88,46.73
8.536,0.000,0.000,9.28,-9.03,-11.69,40.71
8.595,0.000,0.000,6.51,-7.35,-10.29,32.03
8.620,0.000,0.000,4.90,-6.27,-9.26,23.78
8.661,0.000,0.000,2.86,-4.94,-8.04,17.01
8.702,0.000,0.000,1.40,-4.03,-6.99,11.85
8.740,0.000,0.000,0.67,-3.63,-6.44,8.09
8.770,0.000,0.000,0.15,-3.39,-5.87,5.45
8.812,0.000,0.000,-0.33,-3.20,-5.31,3.62
8.835,0.000,0.000,-0.38,-3.18,-5.21,2.39
8.870,0.000,0.000,-0.24,-3.17,-5.14,1.56
8.917,0.000,0.000,0.06,-3.13,-5.18,1.01
8.953,0.000,0.000,0.40,-2.94,-5.25,0.65
8.991,0.000,0.000,0.70,-2.67,-5.55,0.42
9.027,0.000,0.000,1.22,-2.47,-6.02,0.27
9.052,0.000,0.000,1.68,-2.37,-7.17,0.17
9.094,0.000,0.000,2.43,-2.38,-9.37,0.11
9.111,0.000,0.000,2.90,-2.37,-10.90,0.07
9.164,0.000,0.000,3.58,-2.41,-14.30,0.04
9.209,0.000,0.000,3.88,-2.35,-18.21,0.93
9.240,0.000,0.000,4.36,-2.30,-18.61,2.13
9.269,0.000,0.000,4.59,-2.18,-17.70,2.22
9.319,0.000,0.000,4.65,-1.76,-17.25,1.90
9.357,0.000,0.000,4.53,-1.49,-17.46,1.48
9.395,0.000,0.000,4.39,-1.89,-17.18,1.09
9.426,0.000,0.000,4.39,-2.23,-16.73,0.78
9.462,0.000,0.000,4.96,-3.62,-15.45,0.54
9.482,0.000,0.000,5.47,-5.03,-15.16,1.64
9.527,0.000,0.000,6.27,-7.39,-15.07,3.17
9.547,0.000,0.000,6.79,-8.90,-15.12,4.70
9.584,0.000,0.000,8.45,-15.13,-15.78,6.24
9.624,0.000,0.000,10.12,-17.49,-16.81,7.84
9.644,0.000,0.000,10.76,-18.49,-18.56,9.31
9.685,0.000,0.000,12.84,-18.40,-20.08,10.79
9.716,0.000,0.000,15.07,-20.67,-25.27,12.29
9.753,0.000,0.000,19.28,-24.09,-29.07,14.01
9.786,0.000,0.000,21.55,-29.89,-34.37,15.86
9.844,0.000,0.000,23.88,-33.01,-36.96,17.78
9.861,0.000,0.000,25.91,-36.03,-40.34,19.77
9.895,0.000,0.000,28.69,-40.09,-44.98,21.97
9.932,0.000,0.000,29.48,-41.58,-46.58,24.02
9.953,0.000,0.000,31.05,-44.50,-50.08,26.05
10.012,0.000,0.000,32.37,-47.25,-53.12,27.92
10.037,0.000,0.000,34.06,-50.98,-57.03,29.80
10.076,0.000,0.000,35.38,-55.07,-61.00,31.71
10.110,0.000,0.000,35.95,-57.47,-63.54,33.58
10.147,0.000,0.000,36.43,-60.07,-66.34,31.79
10.180,0.000,0.000,36.85,-62.61,-68.84,28.99
10.217,0.000,0.000,37.00,-63.79,-70.07,26.28
10.247,0.000,0.000,37.21,-68.70,-73.98,24.05
10.287,0.000,0.000,37.29,-71.08,-77.50,22.34
10.324,0.000,0.000,37.30,-73.19,-79.72,21.10
10.360,0.000,0.000,37.25,-76.68,-83.26,20.27
10.411,0.000,0.000,37.24,-79.13,-84.34,19.74
10.449,0.000,0.000,37.34,-81.45,-86.89,19.34
10.478,0.000,0.000,37.43,-84.33,-89.45,19.06
10.498,0.000,0.000,37.41,-85.16,-90.29,18.86
10.531,0.000,0.000,37.35,-86.68,-91.56,18.72
10.570,0.000,0.000,37.29,-88.85,-93.35,18.75
10.616,0.000,0.000,37.50,-90.02,-94.44,18.72
10.652,0.000,0.000,37.70,-90.86,-95.06,18.67
10.695,0.000,0.000,38.22,-91.05,-95.37,18.65
10.739,0.000,0.000,38.79,-90.00,-94.68,18.67
10.751,0.000,0.000,38.97,-89.38,-94.04,18.69
10.787,0.000,0.000,39.18,-87.75,-92.33,18.73
10.845,0.000,0.000,39.21,-85.70,-90.02,18.76
10.863,0.000,0.000,39.16,-81.74,-85.86,18.79
10.891,0.000,0.000,38.98,-80.28,-84.29,19.09
10.938,0.000,0.000,38.60,-75.48,-79.43,19.80
10.975,0.000,0.000,37.67,-70.29,-74.29,21.29
11.016,0.000,0.000,36.83,-66.54,-70.60,23.34
11.053,0.000,0.000,35.88,-62.53,-66.70,25.50
11.096,0.000,0.000,34.35,-56.40,-60.70,27.57
11.137,0.000,0.000,32.55,-50.29,-54.78,29.61
11.174,0.000,0.000,31.10,-46.34,-50.76,31.56
11.225,0.000,0.000,29.47,-42.46,-46.74,33.17
11.259,0.000,0.000,26.91,-36.61,-40.72,34.43
11.292,0.000,0.000,24.93,-32.68,-36.83,35.02
11.345,0.000,0.000,21.81,-27.05,-30.96,34.69
11.381,0.000,0.000,19.62,-23.05,-27.17,33.64
11.409,0.000,0.000,16.26,-17.51,-21.73,31.80
11.448,0.000,0.000,14.05,-13.81,-18.04,29.46
11.465,0.000,0.000,11.96,-10.85,-15.33,26.84
11.502,0.000,0.000,10.00,-8.05,-13.27,24.08
11.548,0.000,0.000,8.37,-5.65,-11.89,19.23
11.572,0.000,0.000,6.97,-3.42,-11.03,14.41
11.620,0.000,0.000,5.23,-1.73,-10.35,10.37
11.657,0.000,0.000,3.91,-1.25,-10.57,7.25
11.694,0.000,0.000,3.17,-1.15,-10.77,4.97
11.730,0.000,0.000,2.71,-1.00,-10.62,3.35
11.769,0.000,0.000,2.53,-0.88,-10.20,2.24
11.813,0.000,0.000,2.42,-0.86,-9.90,1.48
11.844,0.000,0.000,2.50,-0.80,-9.63,0.97
11.880,0.000,0.000,2.90,-1.05,-9.71,0.63
11.912,0.000,0.000,3.03,-1.12,-9.72,0.41
11.932,0.000,0.000,3.30,-1.37,-10.01,0.26
11.970,0.000,0.000,3.83,-1.79,-10.30,0.17
12.069,0.000,0.000,5.17,-3.09,-11.25,0.11
12.110,0.000,0.000,7.67,-6.98,-15.32,0.83
12.159,0.000,0.000,12.08,-13.66,-21.46,2.15
12.198,0.000,0.000,14.91,-17.08,-23.53,3.72
12.238,0.000,0.000,16.01,-20.52,-26.04,5.23
12.273,0.000,0.000,19.26,-25.70,-31.02,6.76
12.320,0.000,0.000,22.90,-30.05,-35.90,8.34
12.360,0.000,0.000,26.34,-35.01,-41.02,9.93
12.397,0.000,0.000,28.54,-38.06,-42.51,13.36
12.438,0.000,0.000,30.58,-41.26,-46.85,17.08
12.473,0.000,0.000,32.42,-44.25,-49.67,20.51
12.511,0.000,0.000,34.82,-48.58,-53.84,23.73
12.550,0.000,0.000,36.13,-51.37,-56.57,26.73
12.604,0.000,0.000,37.73,-55.12,-60.71,29.60
12.632,0.000,0.000,38.58,-57.54,-63.50,32.17
12.675,0.000,0.000,39.59,-61.39,-67.20,34.60
12.685,0.000,0.000,39.89,-62.72,-68.44,36.66
12.734,0.000,0.000,40.33,-65.23,-70.70,38.43
12.765,0.000,0.000,40.56,-67.61,-73.18,40.02
12.804,0.000,0.000,40.76,-71.55,-76.62,41.56
12.864,0.000,0.000,40.89,-73.81,-78.91,42.90
12.879,0.000,0.000,40.92,-77.33,-82.25,44.08
12.930,0.000,0.000,40.89,-79.66,-84.68,40.52
12.954,0.000,0.000,40.75,-81.93,-86.97,36.02
12.997,0.000,0.000,40.57,-84.80,-89.73,32.21
13.029,0.000,0.000,40.55,-86.26,-91.24,29.11
13.067,0.000,0.000,40.55,-87.99,-92.72,26.43
13.103,0.000,0.000,40.72,-88.24,-93.13,24.30
13.143,0.000,0.000,40.97,-87.99,-92.90,22.72
13.182,0.000,0.000,41.55,-86.36,-91.13,21.60
13.214,0.000,0.000,42.03,-84.45,-89.22,20.84
13.252,0.000,0.000,42.44,-81.92,-86.77,20.35
13.291,0.000,0.000,42.92,-77.65,-82.94,20.03
13.326,0.000,0.000,43.23,-74.18,-79.88,19.84
13.352,0.000,0.000,43.27,-70.61,-78.23,19.73
13.406,0.000,0.000,43.16,-66.96,-73.07,19.66
13.434,0.000,0.000,42.61,-61.31,-67.45,20.41
13.475,0.000,0.000,41.97,-57.43,-63.51,21.97
13.513,0.000,0.000,40.62,-51.14,-57.16,24.42
13.536,0.000,0.000,40.09,-48.96,-55.06,27.05
13.582,0.000,0.000,38.88,-44.84,-50.81,29.75
13.603,0.000,0.000,37.48,-40.77,-46.21,32.49
13.652,0.000,0.000,34.79,-34.59,-41.84,35.38
13.680,0.000,0.000,33.78,-32.53,-37.57,37.75
13.710,0.000,0.000,30.46,-26.71,-31.30,39.10
13.750,0.000,0.000,27.92,-22.88,-27.30,39.48
13.796,0.000,0.000,25.33,-20.83,-25.12,39.01
13.829,0.000,0.000,21.30,-12.40,-18.04,37.57
13.863,0.000,0.000,18.61,-8.23,-15.22,35.45
13.882,0.000,0.000,17.32,-6.40,-13.93,33.16
13.920,0.000,0.000,13.82,-2.64,-10.86,30.40
13.959,0.000,0.000,10.96,-0.29,-8.44,27.24
13.986,0.000,0.000,10.16,0.25,-8.00,24.25
14.032,0.000,0.000,8.79,0.85,-7.43,19.30
14.052,0.000,0.000,7.76,0.60,-7.16,14.43
14.104,0.000,0.000,6.64,0.28,-7.41,10.36
14.144,0.000,0.000,5.92,0.28,-7.52,7.24
14.175,0.000,0.000,5.70,0.20,-7.35,4.96
14.220,0.000,0.000,5.68,0.13,-7.07,3.35
14.264,0.000,0.000,5.78,-0.11,-7.02,2.23
14.308,0.000,0.000,6.26,-0.77,-7.25,1.47
14.346,0.000,0.000,7.10,-1.55,-7.90,0.96
14.371,0.000,0.000,7.46,-1.89,-8.13,0.62
14.422,0.000,0.000,9.14,-2.85,-9.14,0.40
14.461,0.000,0.000,11.44,-4.23,-10.17,1.39
14.505,0.000,0.000,13.23,-5.48,-11.14,2.81
14.547,0.000,0.000,16.58,-7.62,-12.94,4.46
14.587,0.000,0.000,20.02,-10.08,-14.97,7.65
14.627,0.000,0.000,22.44,-11.94,-16.16,11.30
14.661,0.000,0.000,24.89,-13.85,-17.38,14.73
14.698,0.000,0.000,28.72,-16.24,-19.64,17.88
14.737,0.000,0.000,31.35,-17.70,-20.88,20.81
14.776,0.000,0.000,35.28,-19.72,-22.40,23.47
14.818,0.000,0.000,37.95,-20.88,-23.34,25.76
14.863,0.000,0.000,39.28,-21.35,-23.66,27.62
14.895,0.000,0.000,44.17,-22.91,-25.16,29.17
14.918,0.000,0.000,46.42,-23.29,-25.70,30.47
14.983,0.000,0.000,48.60,-24.25,-27.68,31.50
15.012,0.000,0.000,51.78,-25.17,-28.88,32.62
15.047,0.000,0.000,54.78,-25.58,-29.71,33.64
15.097,0.000,0.000,56.72,-26.19,-30.40,34.58
15.142,0.000,0.000,58.58,-26.70,-30.85,35.40
15.210,0.000,0.000,62.00,-27.56,-31.66,36.06
15.247,0.000,0.000,64.26,-28.24,-32.43,36.75
15.308,0.000,0.000,66.12,-29.13,-33.19,37.52
15.340,0.000,0.000,67.50,-30.11,-33.79,38.52
15.378,0.000,0.000,68.46,-30.53,-33.99,39.70
15.431,0.000,0.000,68.67,-30.50,-34.04,41.07
15.457,0.000,0.000,68.16,-30.31,-33.83,43.13
15.493,0.000,0.000,67.23,-30.08,-33.62,45.93
15.535,0.000,0.000,65.84,-29.71,-33.19,49.58
15.574,0.000,0.000,63.98,-29.17,-32.51,53.97
15.612,0.000,0.000,59.03,-27.51,-30.55,59.30
15.660,0.000,0.000,55.92,-26.39,-29.40,64.75
15.686,0.000,0.000,52.52,-25.18,-28.28,71.56
15.724,0.000,0.000,47.05,-23.28,-26.53,78.49
15.776,0.000,0.000,43.28,-21.95,-25.42,83.70
15.796,0.000,0.000,39.61,-20.57,-24.10,86.74
15.838,0.000,0.000,34.12,-18.39,-22.19,88.00
15.880,0.000,0.000,28.85,-15.96,-20.68,86.97
15.914,0.000,0.000,27.17,-15.13,-19.33,84.74
15.978,0.000,0.000,22.27,-12.74,-17.38,80.68
15.997,0.000,0.000,17.62,-10.75,-15.66,74.31
16.031,0.000,0.000,14.76,-9.84,-15.13,66.55
16.049,0.000,0.000,13.42,-9.33,-13.83,58.44
16.120,0.000,0.000,9.75,-8.08,-11.92,46.18
16.135,0.000,0.000,6.68,-7.25,-10.68,34.37
16.187,0.000,0.000,4.10,-6.06,-9.29,24.62
16.226,0.000,0.000,2.60,-5.15,-8.36,17.17
16.275,0.000,0.000,1.35,-4.36,-7.88,11.74
16.302,0.000,0.000,1.02,-3.95,-7.78,7.91
16.344,0.000,0.000,0.98,-3.70,-7.79,5.26
16.387,0.000,0.000,1.23,-3.70,-7.84,3.47
16.426,0.000,0.000,1.84,-3.72,-7.92,2.27
16.462,0.000,0.000,2.40,-3.82,-8.10,1.47
16.490,0.000,0.000,3.14,-3.98,-8.32,0.95
16.538,0.000,0.000,4.12,-4.29,-8.65,0.61
16.575,0.000,0.000,5.83,-4.89,-9.49,0.39
16.614,0.000,0.000,8.11,-5.67,-10.38,0.25
16.647,0.000,0.000,8.99,-6.63,-11.49,0.16
16.686,0.000,0.000,12.09,-8.42,-13.34,2.30
16.729,0.000,0.000,15.77,-10.70,-15.56,5.42
16.765,0.000,0.000,18.19,-12.41,-16.95,8.70
16.803,0.000,0.000,20.85,-13.70,-18.79,11.93
16.843,0.000,0.000,24.93,-15.11,-20.76,15.04
16.881,0.000,0.000,27.70,-17.23,-22.82,17.88
16.913,0.000,0.000,30.54,-19.01,-24.02,20.49
16.956,0.000,0.000,34.67,-21.40,-25.41,22.96
17.007,0.000,0.000,38.57,-23.01,-26.51,25.31
17.035,0.000,0.000,39.83,-23.46,-27.01,27.29
17.073,0.000,0.000,43.54,-24.51,-28.28,29.14
17.127,0.000,0.000,45.79,-25.08,-28.98,30.78
17.147,0.000,0.000,49.00,-25.89,-30.34,32.12
17.209,0.000,0.000,51.07,-26.28,-31.03,33.21
17.250,0.000,0.000,53.86,-27.35,-31.48,34.22
17.280,0.000,0.000,56.42,-28.54,-32.01,34.79
17.315,0.000,0.000,58.01,-29.22,-32.75,35.08
17.351,0.000,0.000,59.45,-29.89,-33.64,35.52
17.386,0.000,0.000,61.41,-30.87,-34.94,36.38
17.425,0.000,0.000,62.55,-31.35,-35.85,37.36
17.463,0.000,0.000,63.59,-31.90,-36.60,38.33
17.497,0.000,0.000,64.50,-32.45,-37.10,39.27
17.535,0.000,0.000,65.63,-33.13,-37.49,40.26
17.586,0.000,0.000,66.13,-33.50,-37.62,41.29
17.628,0.000,0.000,66.39,-33.73,-37.70,42.37
17.660,0.000,0.000,66.08,-33.74,-37.55,44.05
17.698,0.000,0.000,65.39,-33.62,-37.17,46.17
17.746,0.000,0.000,64.25,-33.36,-36.59,48.74
17.786,0.000,0.000,62.65,-32.86,-35.89,51.94
17.827,0.000,0.000,58.27,-31.76,-34.26,56.31
17.852,0.000,0.000,55.60,-31.00,-33.22,61.23
17.900,0.000,0.000,52.72,-30.11,-32.12,66.86
17.940,0.000,0.000,47.98,-28.55,-30.31,73.04
17.985,0.000,0.000,43.02,-26.85,-28.22,78.08
18.019,0.000,0.000,41.37,-26.17,-27.45,81.52
18.058,0.000,0.000,34.56,-23.38,-24.53,83.87
18.094,0.000,0.000,31.18,-21.69,-22.92,84.26
18.130,0.000,0.000,27.88,-20.08,-21.59,83.21
18.169,0.000,0.000,26.25,-19.28,-20.88,80.29
18.209,0.000,0.000,19.84,-16.21,-18.11,74.93
18.249,0.000,0.000,16.90,-14.76,-16.95,68.15
18.286,0.000,0.000,12.84,-13.02,-15.32,60.06
18.324,0.000,0.000,10.61,-11.99,-14.31,51.71
18.362,0.000,0.000,7.73,-10.42,-12.90,43.26
18.426,0.000,0.000,6.83,-9.85,-12.57,35.85
18.447,0.000,0.000,4.27,-8.11,-11.55,27.44
18.515,0.000,0.000,3.27,-7.31,-11.27,20.03
18.536,0.000,0.000,3.20,-7.12,-11.17,14.15
18.575,0.000,0.000,3.81,-7.31,-11.24,9.77
18.611,0.000,0.000,4.48,-7.76,-11.32,6.63
18.648,0.000,0.000,5.82,-8.70,-11.98,5.70
18.686,0.000,0.000,7.12,-9.68,-12.73,5.93
18.736,0.000,0.000,9.63,-11.20,-14.01,6.92
18.772,0.000,0.000,11.84,-12.30,-15.12,8.37
18.811,0.000,0.000,15.63,-14.36,-18.23,10.15
18.847,0.000,0.000,17.02,-15.05,-19.47,11.97
18.871,0.000,0.000,19.85,-16.54,-21.76,13.88
18.908,0.000,0.000,23.66,-20.17,-25.10,16.01
18.945,0.000,0.000,26.13,-22.67,-27.67,18.22
18.983,0.000,0.000,28.45,-25.15,-30.06,20.36
19.019,0.000,0.000,31.65,-29.60,-34.41,22.61
19.058,0.000,0.000,33.61,-32.03,-37.74,24.86
19.105,0.000,0.000,35.77,-36.60,-41.34,27.22
19.146,0.000,0.000,36.34,-38.28,-44.55,29.45
19.177,0.000,0.000,37.67,-44.48,-50.99,31.78
19.214,0.000,0.000,38.48,-47.65,-53.73,34.09
19.253,0.000,0.000,38.93,-50.62,-56.58,36.25
19.292,0.000,0.000,39.57,-54.80,-60.74,38.14
19.332,0.000,0.000,39.77,-57.62,-63.64,39.83
19.357,0.000,0.000,39.95,-60.29,-66.42,37.11
19.441,0.000,0.000,40.09,-62.90,-69.11,33.24
19.503,0.000,0.000,40.06,-69.43,-74.86,29.60
19.578,0.000,0.000,39.71,-75.21,-80.12,27.00
19.595,0.000,0.000,39.36,-78.71,-83.11,25.38
19.631,0.000,0.000,39.20,-80.87,-84.79,24.29
19.682,0.000,0.000,39.05,-82.81,-86.50,23.51
19.706,0.000,0.000,38.87,-84.66,-88.36,22.95
19.740,0.000,0.000,38.55,-87.02,-91.06,22.66
19.785,0.000,0.000,38.30,-88.40,-92.17,22.56
19.806,0.000,0.000,38.10,-89.51,-93.25,22.56
19.848,0.000,0.000,37.99,-90.22,-94.06,22.27
19.881,0.000,0.000,38.00,-90.19,-94.12,21.78
19.920,0.000,0.000,38.14,-89.06,-93.69,21.10
19.961,0.000,0.000,38.39,-87.00,-91.46,20.47
20.002,0.000,0.000,38.47,-85.04,-89.30,19.96
20.032,0.000,0.000,38.31,-82.50,-86.64,19.57
20.070,0.000,0.000,37.98,-79.62,-83.71,19.80
20.109,0.000,0.000,37.40,-74.68,-79.01,20.76
20.145,0.000,0.000,36.88,-71.13,-75.70,22.47
20.168,0.000,0.000,36.28,-67.38,-72.35,24.53
20.218,0.000,0.000,35.55,-63.48,-68.94,26.68
20.253,0.000,0.000,34.75,-59.50,-65.33,27.94
20.287,0.000,0.000,33.44,-53.71,-59.48,28.90
20.324,0.000,0.000,32.57,-49.95,-55.48,29.67
20.362,0.000,0.000,31.14,-44.51,-49.51,30.23
20.397,0.000,0.000,30.59,-42.81,-47.59,30.62
20.436,0.000,0.000,29.32,-39.22,-43.82,31.14
20.475,0.000,0.000,26.30,-32.09,-36.37,32.10
20.511,0.000,0.000,24.62,-28.63,-32.67,32.89
20.547,0.000,0.000,22.91,-25.13,-28.91,33.19
20.593,0.000,0.000,20.95,-21.62,-25.13,32.88
20.631,0.000,0.000,19.10,-17.81,-21.37,32.02
20.660,0.000,0.000,16.37,-12.59,-16.79,30.53
20.697,0.000,0.000,14.78,-9.58,-14.14,28.69
20.749,0.000,0.000,12.75,-6.35,-10.83,26.42
20.793,0.000,0.000,11.81,-5.19,-9.91,23.81
20.814,0.000,0.000,11.05,-4.24,-9.57,20.88
20.836,0.000,0.000,10.90,-3.99,-9.70,18.07
20.897,0.000,0.000,10.59,-3.78,-10.64,15.49
20.937,0.000,0.000,10.55,-3.53,-11.11,13.29
20.964,0.000,0.000,10.60,-3.12,-11.68,11.42
20.985,0.000,0.000,10.71,-2.95,-11.87,9.97
21.035,0.000,0.000,10.92,-2.91,-12.11,8.93
21.080,0.000,0.000,11.27,-2.94,-12.54,8.24
21.130,0.000,0.000,12.37,-4.06,-14.48,7.88
21.153,0.000,0.000,13.07,-5.14,-15.71,7.77
21.229,0.000,0.000,14.51,-6.92,-17.57,7.90
21.268,0.000,0.000,16.41,-9.72,-21.77,8.26
21.294,0.000,0.000,18.83,-14.29,-24.52,8.85
21.345,0.000,0.000,20.50,-17.31,-26.18,9.57
21.371,0.000,0.000,22.21,-20.06,-28.41,10.35
21.408,0.000,0.000,24.73,-24.04,-33.08,11.22
21.447,0.000,0.000,26.93,-28.37,-36.92,12.13
21.485,0.000,0.000,28.16,-31.26,-39.65,13.00
21.545,0.000,0.000,29.34,-34.29,-42.55,13.78
21.570,0.000,0.000,31.27,-38.60,-46.49,14.52
21.609,0.000,0.000,32.94,-42.69,-50.34,15.21
21.646,0.000,0.000,34.11,-45.65,-52.68,15.84
21.674,0.000,0.000,34.72,-47.02,-54.02,16.37
21.721,0.000,0.000,36.39,-50.69,-58.03,16.85
21.758,0.000,0.000,37.76,-54.48,-61.98,17.30
21.795,0.000,0.000,38.54,-56.99,-64.70,17.68
21.819,0.000,0.000,39.28,-59.25,-67.14,18.01
21.869,0.000,0.000,39.94,-61.65,-69.24,18.29
21.908,0.000,0.000,40.44,-64.05,-71.37,18.52
21.944,0.000,0.000,40.82,-68.46,-75.98,18.71
22.001,0.000,0.000,40.78,-70.76,-78.24,18.85
22.042,0.000,0.000,40.73,-73.08,-80.34,19.06
22.094,0.000,0.000,40.89,-76.45,-83.64,19.15
22.147,0.000,0.000,41.15,-79.29,-86.35,19.20
22.173,0.000,0.000,41.45,-82.82,-89.83,19.23
22.204,0.000,0.000,41.49,-84.58,-91.20,19.25
22.250,0.000,0.000,41.63,-86.44,-92.78,19.27
22.287,0.000,0.000,41.74,-87.20,-93.45,19.28
22.324,0.000,0.000,41.97,-87.43,-93.72,19.30
22.360,0.000,0.000,42.28,-87.31,-93.72,19.33
22.401,0.000,0.000,42.87,-86.19,-92.64,19.36
22.470,0.000,0.000,43.53,-83.93,-90.18,19.41
22.482,0.000,0.000,43.75,-81.92,-88.01,19.46
22.514,0.000,0.000,43.80,-79.47,-85.44,19.51
22.536,0.000,0.000,43.78,-78.17,-84.04,19.54
22.594,0.000,0.000,43.69,-73.66,-79.58,19.70
22.625,0.000,0.000,43.44,-70.26,-76.30,20.14
22.661,0.000,0.000,42.86,-64.88,-71.55,21.15
22.699,0.000,0.000,42.23,-61.18,-67.82,22.69
22.737,0.000,0.000,41.40,-57.52,-64.09,24.69
22.774,0.000,0.000,40.04,-51.86,-58.33,26.85
22.811,0.000,0.000,38.19,-46.40,-52.76,29.51
22.854,0.000,0.000,36.73,-42.83,-48.94,32.27
22.897,0.000,0.000,34.23,-37.28,-43.17,35.14
22.935,0.000,0.000,31.27,-33.64,-39.57,37.21
22.994,0.000,0.000,29.06,-28.32,-35.59,38.33
23.032,0.000,0.000,26.82,-24.92,-30.07,38.57
23.062,0.000,0.000,21.88,-17.19,-24.57,37.56
23.102,0.000,0.000,19.56,-13.55,-19.84,35.80
23.158,0.000,0.000,17.29,-11.96,-18.53,33.58
23.185,0.000,0.000,14.29,-6.59,-15.24,30.87
23.240,0.000,0.000,11.89,-4.10,-14.69,27.88
23.252,0.000,0.000,11.26,-3.71,-14.65,25.11
23.313,0.000,0.000,9.73,-3.02,-14.40,20.10
23.348,0.000,0.000,8.87,-2.79,-14.04,15.08
23.378,0.000,0.000,7.99,-2.24,-13.57,10.86
23.418,0.000,0.000,7.41,-1.45,-13.70,7.60
23.453,0.000,0.000,7.06,-0.94,-13.73,5.21
23.492,0.000,0.000,6.85,-0.55,-13.64,3.52
23.529,0.000,0.000,6.81,-0.32,-14.17,2.35
23.552,0.000,0.000,6.85,-0.37,-14.59,1.55
23.603,0.000,0.000,6.60,-0.57,-15.47,1.01
23.637,0.000,0.000,6.69,-0.43,-17.11,0.66
23.674,0.000,0.000,6.59,-0.19,-20.24,1.10
23.711,0.000,0.000,6.09,0.21,-18.16,1.08
23.734,0.000,0.000,5.64,0.58,-16.32,0.90
23.769,0.000,0.000,5.47,0.34,-14.84,0.69
23.819,0.000,0.000,5.57,-0.14,-14.31,0.51
23.863,0.000,0.000,5.83,-0.55,-13.57,0.36
23.896,0.000,0.000,6.10,-0.51,-13.07,0.25
23.931,0.000,0.000,6.28,-0.52,-12.86,0.17
23.963,0.000,0.000,6.58,-0.65,-12.72,0.11
24.003,0.000,0.000,6.94,-1.23,-13.13,0.07
24.041,0.000,0.000,7.40,-1.74,-13.00,0.05
24.078,0.000,0.000,7.89,-2.29,-12.97,0.03
24.143,0.000,0.000,8.64,-3.55,-13.24,0.02
24.158,0.000,0.000,10.19,-7.10,-15.59,1.02
24.194,0.000,0.000,11.49,-9.72,-18.36,2.35
24.241,0.000,0.000,12.91,-13.06,-22.24,3.71
24.264,0.000,0.000,14.36,-16.39,-25.24,5.00
24.304,0.000,0.000,17.04,-22.10,-29.72,6.30
24.340,0.000,0.000,18.97,-25.52,-32.84,7.56
24.374,0.000,0.000,21.08,-28.93,-36.53,8.77
24.411,0.000,0.000,24.29,-33.85,-42.11,10.01
24.451,0.000,0.000,26.21,-37.59,-45.50,11.20
24.485,0.000,0.000,28.06,-41.03,-48.96,12.31
24.535,0.000,0.000,30.81,-46.20,-53.82,13.38
24.567,0.000,0.000,32.51,-49.08,-57.09,14.35
24.609,0.000,0.000,34.63,-53.62,-61.98,15.24
24.651,0.000,0.000,35.80,-56.68,-64.89,16.01
24.688,0.000,0.000,37.37,-61.46,-69.40,16.67
24.729,0.000,0.000,38.27,-65.85,-73.39,17.23
24.759,0.000,0.000,38.47,-67.20,-74.74,17.67
24.804,0.000,0.000,38.86,-70.94,-78.42,18.00
24.842,0.000,0.000,39.13,-73.21,-80.36,18.26
24.882,0.000,0.000,39.66,-76.93,-83.38,18.46
24.922,0.000,0.000,39.89,-79.10,-85.43,18.62
24.960,0.000,0.000,40.03,-82.25,-88.41,18.74
25.003,0.000,0.000,39.88,-85.47,-90.92,18.95
25.042,0.000,0.000,39.86,-87.13,-92.28,19.22
25.091,0.000,0.000,40.03,-88.33,-93.31,19.29
25.117,0.000,0.000,40.32,-89.43,-94.26,19.28
25.158,0.000,0.000,40.89,-89.39,-94.20,19.26
25.214,0.000,0.000,41.17,-88.62,-93.54,19.25
25.238,0.000,0.000,41.76,-86.22,-91.17,19.26
25.276,0.000,0.000,41.97,-82.37,-87.73,19.28
25.329,0.000,0.000,42.03,-79.31,-85.15,19.30
25.355,0.000,0.000,41.94,-76.03,-82.43,19.32
25.394,0.000,0.000,41.53,-70.60,-77.44,19.93
25.419,0.000,0.000,41.04,-66.74,-73.93,21.04
25.470,0.000,0.000,40.42,-62.76,-70.23,22.56
25.502,0.000,0.000,39.65,-58.44,-66.37,24.38
25.537,0.000,0.000,38.03,-51.86,-60.42,26.94
25.577,0.000,0.000,36.11,-45.17,-54.09,29.83
25.604,0.000,0.000,35.42,-42.96,-51.83,32.63
25.648,0.000,0.000,33.05,-36.59,-45.17,34.80
25.708,0.000,0.000,31.26,-32.66,-40.74,36.67
25.726,0.000,0.000,28.08,-26.33,-34.09,37.65
25.763,0.000,0.000,25.94,-22.21,-29.80,37.80
25.794,0.000,0.000,23.55,-17.95,-25.60,37.20
25.837,0.000,0.000,21.28,-13.95,-21.74,35.99
25.874,0.000,0.000,18.17,-8.58,-17.32,34.12
25.910,0.000,0.000,16.48,-6.24,-15.56,31.95
25.957,0.000,0.000,14.65,-4.80,-14.35,29.43
25.973,0.000,0.000,14.20,-4.59,-14.26,26.78
26.038,0.000,0.000,13.04,-4.09,-14.30,23.92
26.080,0.000,0.000,12.30,-4.07,-14.18,21.21
26.124,0.000,0.000,10.83,-3.58,-13.31,18.62
26.167,0.000,0.000,10.52,-3.42,-13.17,16.22
26.198,0.000,0.000,10.30,-3.45,-13.31,14.05
26.237,0.000,0.000,10.12,-3.58,-13.37,12.18
26.292,0.000,0.000,10.04,-3.49,-13.27,10.65
26.319,0.000,0.000,9.97,-3.23,-13.04,8.39
26.352,0.000,0.000,9.82,-3.17,-12.67,6.24
26.386,0.000,0.000,9.85,-3.10,-12.41,4.47
26.452,0.000,0.000,9.92,-3.18,-12.47,3.11
26.474,0.000,0.000,10.16,-3.26,-12.28,3.13
26.511,0.000,0.000,10.38,-3.37,-12.22,3.66
26.536,0.000,0.000,10.65,-3.48,-12.13,4.32
26.585,0.000,0.000,11.06,-3.63,-12.29,4.95
26.629,0.000,0.000,11.58,-4.07,-12.52,5.53
26.662,0.000,0.000,13.39,-4.80,-13.31,6.16
26.687,0.000,0.000,14.08,-5.35,-14.21,6.77
26.738,0.000,0.000,16.66,-6.86,-16.05,7.51
26.776,0.000,0.000,20.05,-9.46,-18.18,8.45
26.818,0.000,0.000,22.46,-12.21,-20.20,11.10
26.855,0.000,0.000,25.04,-13.99,-21.73,14.22
26.895,0.000,0.000,29.15,-16.24,-24.21,17.25
26.936,0.000,0.000,31.81,-17.57,-25.33,20.03
26.963,0.000,0.000,33.14,-18.17,-25.63,22.55
27.006,0.000,0.000,38.24,-20.75,-27.36,25.10
27.082,0.000,0.000,40.78,-21.75,-28.47,27.44
27.136,0.000,0.000,44.50,-23.39,-30.02,29.14
27.202,0.000,0.000,52.39,-25.54,-32.23,30.85
27.242,0.000,0.000,55.51,-26.63,-33.42,32.20
27.291,0.000,0.000,57.44,-27.43,-33.86,33.30
27.319,0.000,0.000,59.20,-28.12,-34.47,34.33
27.355,0.000,0.000,61.69,-29.08,-35.64,35.32
27.394,0.000,0.000,63.14,-29.76,-36.39,36.25
27.425,0.000,0.000,64.41,-30.39,-36.71,37.10
27.463,0.000,0.000,66.02,-31.04,-37.76,37.97
27.485,0.000,0.000,66.43,-31.25,-37.99,38.84
27.536,0.000,0.000,67.01,-31.68,-38.35,39.76
27.571,0.000,0.000,67.42,-32.07,-38.54,40.93
27.608,0.000,0.000,67.47,-32.32,-38.54,42.48
27.646,0.000,0.000,66.76,-32.26,-38.05,44.65
27.683,0.000,0.000,66.34,-32.20,-37.77,46.92
27.717,0.000,0.000,65.12,-31.98,-37.01,49.56
27.758,0.000,0.000,61.47,-30.97,-35.11,53.51
27.797,0.000,0.000,58.97,-30.27,-34.05,58.26
27.831,0.000,0.000,54.58,-28.81,-32.37,63.91
27.863,0.000,0.000,52.96,-28.29,-31.85,69.46
27.885,0.000,0.000,51.27,-27.77,-31.27,74.37
27.920,0.000,0.000,45.96,-26.02,-29.33,79.07
27.955,0.000,0.000,42.25,-24.65,-27.89,82.99
27.992,0.000,0.000,36.72,-22.48,-25.58,85.70
28.029,0.000,0.000,33.00,-20.72,-24.16,86.73
28.052,0.000,0.000,31.19,-19.87,-23.39,86.51
28.112,0.000,0.000,27.63,-18.21,-21.89,84.54
28.152,0.000,0.000,22.45,-15.98,-19.56,80.67
28.185,0.000,0.000,16.02,-13.52,-17.55,73.44
28.220,0.000,0.000,13.28,-11.37,-15.56,64.79
28.258,0.000,0.000,10.72,-10.25,-14.30,55.69
28.298,0.000,0.000,7.52,-8.72,-12.91,46.60
28.330,0.000,0.000,6.57,-8.24,-12.57,38.56
28.370,0.000,0.000,4.19,-7.07,-11.65,29.49
28.408,0.000,0.000,2.42,-6.34,-11.12,21.51
28.451,0.000,0.000,1.58,-5.95,-10.90,15.20
28.485,0.000,0.000,1.02,-5.75,-10.83,10.49
28.520,0.000,0.000,0.61,-5.43,-10.86,7.12
28.568,0.000,0.000,0.52,-5.47,-10.85,4.77
28.588,0.000,0.000,0.70,-5.58,-10.90,3.16
28.625,0.000,0.000,1.21,-5.77,-11.01,2.07
28.662,0.000,0.000,2.07,-5.99,-11.16,1.35
28.701,0.000,0.000,2.42,-6.12,-11.21,0.87
28.747,0.000,0.000,3.28,-6.16,-11.27,0.56
28.776,0.000,0.000,4.89,-6.10,-11.54,0.36
28.819,0.000,0.000,5.31,-6.04,-11.63,0.23
28.837,0.000,0.000,6.15,-5.89,-11.84,0.15
28.889,0.000,0.000,7.47,-5.85,-12.16,0.09
28.925,0.000,0.000,8.66,-6.00,-12.48,0.06
28.964,0.000,0.000,9.39,-6.14,-12.75,0.04
29.008,0.000,0.000,10.29,-6.37,-12.92,2.24
29.048,0.000,0.000,10.96,-6.57,-12.97,5.14
29.085,0.000,0.000,11.37,-6.65,-12.96,7.95
29.136,0.000,0.000,11.74,-6.85,-12.93,10.40
29.176,0.000,0.000,11.54,-7.22,-13.01,12.45
29.230,0.000,0.000,11.36,-7.40,-13.05,14.06
29.274,0.000,0.000,11.08,-8.03,-13.37,15.20
29.302,0.000,0.000,11.19,-9.14,-13.69,15.93
29.335,0.000,0.000,11.42,-9.43,-13.87,16.37
29.386,0.000,0.000,12.01,-10.03,-13.91,16.63
29.421,0.000,0.000,12.87,-10.28,-13.83,16.88
29.459,0.000,0.000,14.07,-10.23,-13.61,17.24
29.517,0.000,0.000,14.73,-10.06,-13.35,16.04
29.535,0.000,0.000,15.54,-9.62,-13.05,14.54
29.569,0.000,0.000,15.95,-9.23,-12.93,13.21
29.618,0.000,0.000,16.40,-8.70,-12.93,12.20
29.636,0.000,0.000,16.50,-8.56,-13.03,11.46
29.686,0.000,0.000,16.65,-8.04,-13.04,10.97
29.715,0.000,0.000,16.69,-7.88,-13.04,10.63
29.746,0.000,0.000,16.78,-7.49,-13.05,10.42
29.779,0.000,0.000,16.81,-7.36,-12.99,10.29
29.822,0.000,0.000,16.84,-7.37,-12.97,10.21
29.859,0.000,0.000,16.82,-7.52,-12.87,10.16
29.911,0.000,0.000,16.79,-7.63,-12.87,10.15
29.934,0.000,0.000,16.74,-7.80,-12.86,10.18
29.976,0.000,0.000,16.71,-7.86,-12.82,10.24
30.025,0.000,0.000,16.64,-7.84,-12.80,10.29
30.044,0.000,0.000,16.64,-7.83,-12.78,10.31
30.095,0.000,0.000,16.59,-7.73,-12.65,10.30
30.118,0.000,0.000,16.56,-7.64,-12.55,10.29
30.159,0.000,0.000,16.48,-7.51,-12.42,10.29
30.203,0.000,0.000,16.40,-7.36,-12.28,10.30
30.261,0.000,0.000,16.33,-7.24,-12.20,10.31
30.304,0.000,0.000,16.23,-7.12,-12.06,10.33
30.341,0.000,0.000,16.18,-7.07,-11.99,10.31
30.392,0.000,0.000,16.14,-7.08,-11.90,10.25
30.414,0.000,0.000,16.09,-7.06,-11.72,10.19
30.462,0.000,0.000,16.08,-7.03,-11.64,10.13
30.494,0.000,0.000,16.07,-7.02,-11.56,10.05
30.535,0.000,0.000,16.06,-7.03,-11.42,9.97
30.569,0.000,0.000,16.08,-7.01,-11.34,9.89
30.623,0.000,0.000,16.10,-7.04,-11.27,9.83
30.656,0.000,0.000,16.12,-7.01,-11.24,9.79
30.690,0.000,0.000,16.16,-7.00,-11.19,9.76
30.742,0.000,0.000,16.18,-7.01,-11.14,9.75
30.764,0.000,0.000,16.18,-6.96,-11.11,9.74
30.796,0.000,0.000,16.17,-6.94,-11.07,9.74
30.819,0.000,0.000,16.15,-6.94,-11.04,9.77
30.881,0.000,0.000,16.12,-6.98,-10.97,9.79
30.916,0.000,0.000,16.08,-6.96,-10.98,9.83
